<?xml version="1.0" encoding="UTF-8"?>
<!DOCTYPE paymentService PUBLIC "-//WorldPay//DTD WorldPay PaymentService v1//EN" "http://dtd.worldpay.com/paymentService_v1.dtd">
<paymentService version="1.4" merchantCode="#MERCHANT_CODE#">
    <submit>
        <order orderCode="#ORDER_CODE#" shopperLanguageCode="GB">
            <description>#DESCRIPTION#</description>
            <amount value="#AMOUNT#" currencyCode="#CURRENCY#" exponent="#EXPONENT#"/>
            <paymentDetails>
                <LAYBUY-SSL intent="#INTENT#">
                    <successURL>#SUCCESS_URL#</successURL>
                    <cancelURL>#CANCEL_URL#</cancelURL>
                    <pendingURL>#PENDING_URL#</pendingURL>
                    <failureURL>#FAILURE_URL#</failureURL>
                </LAYBUY-SSL>
                <GRABPAY-SSL intent="#INTENT#">
                    <successURL>#SUCCESS_URL#</successURL>
                    <cancelURL>#CANCEL_URL#</cancelURL>
                    <pendingURL>#PENDING_URL#</pendingURL>
                    <failureURL>#FAILURE_URL#</failureURL>
                </GRABPAY-SSL>
                <TRUEMONEY-SSL intent="#INTENT#">
                    <successURL>#SUCCESS_URL#</successURL>
                    <cancelURL>#CANCEL_URL#</cancelURL>
                    <pendingURL>#PENDING_URL#</pendingURL>
                    <failureURL>#FAILURE_URL#</failureURL>
                </TRUEMONEY-SSL>
                <MAE-SSL intent="#INTENT#">
                    <successURL>#SUCCESS_URL#</successURL>
                    <cancelURL>#CANCEL_URL#</cancelURL>
                    <pendingURL>#PENDING_URL#</pendingURL>
                    <failureURL>#FAILURE_URL#</failureURL>
                </MAE-SSL>
            </paymentDetails>
            <shopper>
                <browser>
                    <browserLanguage>#BROWSER_LANGUAGE#</browserLanguage>
                    <macAddress>#MAC_ADDRESS#</macAddress>
                </browser>
                <shopperEmailAddress>#SHOPPER_EMAIL_ADDRESS#</shopperEmailAddress>
                <authenticatedShopperID>123456</authenticatedShopperID>
                <session shopperIPAddress="#SHOPPER_IP_ADDRESS#" id="191113"/>
                <shopperDetails>
                    <firstName>#SHOPPER_DETAILS_FIRST_NAME#</firstName>
                    <lastName>#SHOPPER_DETAILS_LAST_NAME#</lastName>
                    <telephoneNumber>#SHOPPER_PHONE#</telephoneNumber>
                </shopperDetails>
            </shopper>
            <shippingAddress>
                <address>
                    <firstName>Fred</firstName>
                    <lastName>Bloggs</lastName>
                    <address1>1StreetRd</address1>
                    <address2>Smallton</address2>
                    <address3>Bigton</address3>
                    <postalCode>AB12CD</postalCode>
                    <city>Cambridge</city>
                    <state>Cambridge</state>
                    <countryCode>GB</countryCode>
                </address>
            </shippingAddress>
            <billingAddress>
                <address>
                    <firstName>John</firstName>
                    <lastName>Doe</lastName>
                    <address1>Worldpay</address1>
                    <address2>270-289 The Science Park</address2>
                    <address3>Milton Road</address3>
                    <postalCode>00810</postalCode>
                    <city>Mexico City</city>
                    <state>Mexico</state>
                    <countryCode>MX</countryCode>
                    <telephoneNumber>0123456789</telephoneNumber>
                </address>
            </billingAddress>
            <branchSpecificExtension>
                <purchase>
                    <invoiceReferenceNumber>INV12233566</invoiceReferenceNumber>
                    <customerReference>CUST00000001</customerReference>
                    <cardAcceptorTaxId>VAT1999292</cardAcceptorTaxId>
                    <salesTax>
                        <amount value="#SALES_TAX#" currencyCode="#CURRENCY#" exponent="#EXPONENT#"/>
                    </salesTax>
                    <discountName>#DISCOUNT_NAME#</discountName>
                    <discountCode>#DISCOUNT_CODE#</discountCode>
                    <discountAmount>
                        <amount value="#DISCOUNT_AMOUNT#" currencyCode="#CURRENCY#" exponent="#EXPONENT#"/>
                    </discountAmount>
                    <shippingAmount>
                        <amount value="#SHIPPING_AMOUNT#" currencyCode="#CURRENCY#" exponent="#EXPONENT#"/>
                    </shippingAmount>
                    <dutyAmount>
                        <amount value="0" exponent="2" currencyCode="GBP"/>
                    </dutyAmount>
                    <shipFromPostalCode>CB40WD</shipFromPostalCode>
                    <destinationPostalCode>CB40WD</destinationPostalCode>
                    <destinationCountryCode>GB</destinationCountryCode>
                    <orderDate>
                        <date dayOfMonth="5" month="5" year="2022"/>
                    </orderDate>
                    <taxExempt>true</taxExempt>
                    <shippingDate>
                        <date #SHIPPING_DATE#/>
                    </shippingDate>
                    <item>
                        <description>Camera</description>
                        <productCode>CAM0001</productCode>
                        <commodityCode>COM100222</commodityCode>
                        <quantity>1</quantity>
                        <unitCost>
                            <amount value="400" exponent="2" currencyCode="GBP"/>
                        </unitCost>
                        <unitOfMeasure>each</unitOfMeasure>
                        <itemTotal>
                            <amount value="400" exponent="2" currencyCode="GBP"/>
                        </itemTotal>
                        <itemTotalWithTax>
                            <amount value="0" exponent="2" currencyCode="GBP"/>
                        </itemTotalWithTax>
                        <itemDiscountAmount>
                            <amount value="0" exponent="2" currencyCode="GBP"/>
                        </itemDiscountAmount>
                        <taxAmount>
                            <amount value="0" exponent="2" currencyCode="GBP"/>
                        </taxAmount>
                        <categories>
                            <category>category1</category>
                            <category>category2</category>
                        </categories>
                        <pageURL>http://page.com</pageURL>
                        <imageURL>http://image.com</imageURL>
                    </item>
                    <item>
                        <description>second item</description>
                        <categories>
                            <category>#CATEGORY#</category>
                            <category>#CATEGORY#</category>
                        </categories>
                        <pageURL>#PAGE_URL#</pageURL>
                        <imageURL>#IMAGE_URL#</imageURL>
                    </item>
                    <shippingCourier>
                        <name>#COURIER_NAME#</name>
                        <trackingNumber>#COURIER_TRACKING#</trackingNumber>
                        <priority>#COURIER_PRIORITY#</priority>
                    </shippingCourier>
                </purchase>
            </branchSpecificExtension>
        </order>
    </submit>
</paymentService>
